image0534.ppm.png,640,480,ball,319,345,384,413
image0624.ppm.png,640,480,ball,310,229,375,293
image0768.ppm.png,640,480,ball,316,265,383,331
image0904.ppm.png,640,480,ball,282,332,352,403
image0931.ppm.png,640,480,ball,276,328,348,400
image1037.ppm.png,640,480,ball,311,344,383,420
image1072.ppm.png,640,480,ball,336,342,408,416
image1104.ppm.png,640,480,ball,339,360,412,436
image11091.ppm.png,640,480,ball,436,234,502,298
image11091.ppm.png,640,480,ball,256,173,310,226
image11134.ppm.png,640,480,ball,460,225,529,289
image11134.ppm.png,640,480,ball,276,166,331,220
image1122.ppm.png,640,480,ball,336,358,408,433
image11267.ppm.png,640,480,ball,418,213,480,274
image11267.ppm.png,640,480,ball,196,232,256,293
image11286.ppm.png,640,480,ball,428,197,492,258
image11286.ppm.png,640,480,ball,204,220,268,280
image11470.ppm.png,640,480,ball,258,249,324,315
image11470.ppm.png,640,480,ball,446,157,508,216
image11490.ppm.png,640,480,ball,256,252,322,318
image11490.ppm.png,640,480,ball,442,161,504,219
image11674.ppm.png,640,480,ball,364,300,448,380
image11674.ppm.png,640,480,ball,284,124,346,184
image11690.ppm.png,640,480,ball,372,302,452,383
image11690.ppm.png,640,480,ball,288,124,352,186
image11704.ppm.png,640,480,ball,376,292,456,374
image11704.ppm.png,640,480,ball,290,116,352,177
image11888.ppm.png,640,480,ball,386,116,456,182
image11888.ppm.png,640,480,ball,168,100,230,156
image11908.ppm.png,640,480,ball,391,128,464,192
image11908.ppm.png,640,480,ball,174,104,236,163
image11921.ppm.png,640,480,ball,396,136,464,197
image11921.ppm.png,640,480,ball,176,112,240,168
image12142.ppm.png,640,480,ball,134,86,216,162
image12142.ppm.png,640,480,ball,384,28,456,99
image12161.ppm.png,640,480,ball,168,94,247,169
image12161.ppm.png,640,480,ball,416,28,488,100
image12172.ppm.png,640,480,ball,160,94,240,168
image12172.ppm.png,640,480,ball,410,32,484,102
image1231.ppm.png,640,480,ball,335,388,409,466
image1256.ppm.png,640,480,ball,319,365,392,442
image1285.ppm.png,640,480,ball,312,356,385,432
image15105.ppm.png,640,480,ball,268,300,346,376
image15105.ppm.png,640,480,ball,32,224,104,290
image15105.ppm.png,640,480,ball,299,168,360,226
image15122.ppm.png,640,480,ball,271,304,348,382
image15122.ppm.png,640,480,ball,28,228,104,294
image15122.ppm.png,640,480,ball,299,172,360,229
image15507.ppm.png,640,480,ball,360,320,442,402
image15507.ppm.png,640,480,ball,76,293,154,369
image15507.ppm.png,640,480,ball,327,184,388,241
image15658.ppm.png,640,480,ball,144,329,228,413
image15658.ppm.png,640,480,ball,452,298,534,378
image15658.ppm.png,640,480,ball,344,168,408,228
image15677.ppm.png,640,480,ball,156,336,241,421
image15677.ppm.png,640,480,ball,459,292,540,370
image15677.ppm.png,640,480,ball,340,168,403,229
image15825.ppm.png,640,480,ball,235,321,318,407
image15825.ppm.png,640,480,ball,472,203,545,273
image15825.ppm.png,640,480,ball,304,130,367,190
image15842.ppm.png,640,480,ball,247,317,330,402
image15842.ppm.png,640,480,ball,486,201,561,272
image15842.ppm.png,640,480,ball,320,125,381,186
image16058.ppm.png,640,480,ball,324,302,405,384
image16058.ppm.png,640,480,ball,386,137,448,199
image16058.ppm.png,640,480,ball,200,145,262,205
image16078.ppm.png,640,480,ball,320,309,402,390
image16078.ppm.png,640,480,ball,386,146,448,206
image16078.ppm.png,640,480,ball,200,149,261,209
image16276.ppm.png,640,480,ball,422,309,502,387
image16276.ppm.png,640,480,ball,147,259,216,325
image16276.ppm.png,640,480,ball,308,174,365,231
image16638.ppm.png,640,480,ball,232,383,324,478
image16638.ppm.png,640,480,ball,168,229,238,296
image16638.ppm.png,640,480,ball,418,209,486,274
image16653.ppm.png,640,480,ball,236,392,327,480
image16653.ppm.png,640,480,ball,171,240,240,307
image16653.ppm.png,640,480,ball,420,218,487,283
image16668.ppm.png,640,480,ball,176,252,246,319
image16668.ppm.png,640,480,ball,424,230,492,295
image17130.ppm.png,640,480,ball,418,314,511,405
image17130.ppm.png,640,480,ball,195,124,262,190
image17130.ppm.png,640,480,ball,356,104,421,170
image17149.ppm.png,640,480,ball,418,313,511,404
image17149.ppm.png,640,480,ball,196,123,263,190
image17149.ppm.png,640,480,ball,356,104,422,170
image17719.ppm.png,640,480,ball,516,409,608,480
image17719.ppm.png,640,480,ball,144,372,223,448
image17719.ppm.png,640,480,ball,276,284,342,348
image17777.ppm.png,640,480,ball,506,414,598,480
image17777.ppm.png,640,480,ball,136,376,214,452
image17777.ppm.png,640,480,ball,268,288,334,352
image17794.ppm.png,640,480,ball,154,383,232,460
image17794.ppm.png,640,480,ball,526,420,620,480
image17794.ppm.png,640,480,ball,284,294,348,359
image18026.ppm.png,640,480,ball,187,337,271,421
image18026.ppm.png,640,480,ball,498,217,573,286
image18026.ppm.png,640,480,ball,224,209,292,275
image18048.ppm.png,640,480,ball,180,340,265,424
image18048.ppm.png,640,480,ball,491,220,566,288
image18048.ppm.png,640,480,ball,217,212,286,278
image18110.ppm.png,640,480,ball,176,416,264,480
image18110.ppm.png,640,480,ball,495,296,570,364
image18110.ppm.png,640,480,ball,218,284,287,352
image18130.ppm.png,640,480,ball,172,411,260,480
image18130.ppm.png,640,480,ball,490,288,566,358
image18130.ppm.png,640,480,ball,214,280,283,346
image18147.ppm.png,640,480,ball,174,411,261,480
image18147.ppm.png,640,480,ball,490,288,566,358
image18147.ppm.png,640,480,ball,214,280,283,347
image18289.ppm.png,640,480,ball,283,372,370,462
image18289.ppm.png,640,480,ball,176,264,252,338
image18289.ppm.png,640,480,ball,395,150,458,212
image18306.ppm.png,640,480,ball,275,378,361,469
image18306.ppm.png,640,480,ball,168,270,244,344
image18306.ppm.png,640,480,ball,388,158,450,218
image18323.ppm.png,640,480,ball,284,374,371,464
image18323.ppm.png,640,480,ball,180,266,254,340
image18323.ppm.png,640,480,ball,396,152,460,214
image18546.ppm.png,640,480,ball,98,253,163,324
image18546.ppm.png,640,480,ball,452,261,517,323
image18546.ppm.png,640,480,ball,311,263,372,325
image18563.ppm.png,640,480,ball,102,254,166,325
image18563.ppm.png,640,480,ball,455,262,520,324
image18563.ppm.png,640,480,ball,314,264,375,326
image18577.ppm.png,640,480,ball,108,256,172,325
image18577.ppm.png,640,480,ball,462,263,528,325
image18577.ppm.png,640,480,ball,320,265,381,326
image19055.ppm.png,640,480,ball,468,270,544,344
image19055.ppm.png,640,480,ball,66,251,139,320
image19055.ppm.png,640,480,ball,224,257,295,327
image19097.ppm.png,640,480,ball,478,281,554,356
image19097.ppm.png,640,480,ball,80,256,152,324
image19097.ppm.png,640,480,ball,236,264,305,333
image19605.ppm.png,640,480,ball,130,342,210,421
image19605.ppm.png,640,480,ball,276,266,346,333
image19605.ppm.png,640,480,ball,440,181,503,238
image19621.ppm.png,640,480,ball,124,350,205,429
image19621.ppm.png,640,480,ball,271,270,340,338
image19621.ppm.png,640,480,ball,432,184,495,240
image19793.ppm.png,640,480,ball,276,340,351,416
image19793.ppm.png,640,480,ball,282,232,344,293
image19793.ppm.png,640,480,ball,292,128,344,173
image19806.ppm.png,640,480,ball,280,342,356,419
image19806.ppm.png,640,480,ball,284,236,346,296
image19806.ppm.png,640,480,ball,292,128,342,176
image19995.ppm.png,640,480,ball,406,379,492,466
image19995.ppm.png,640,480,ball,271,295,342,366
image19995.ppm.png,640,480,ball,131,204,192,260
image20026.ppm.png,640,480,ball,372,337,454,419
image20026.ppm.png,640,480,ball,216,200,284,262
image20115.ppm.png,640,480,ball,492,289,574,365
image20115.ppm.png,640,480,ball,56,287,136,364
image20115.ppm.png,640,480,ball,320,291,396,367
image20134.ppm.png,640,480,ball,48,288,130,365
image20134.ppm.png,640,480,ball,487,292,568,368
image20134.ppm.png,640,480,ball,314,293,389,369
image2067.ppm.png,640,480,ball,335,118,410,194
image2095.ppm.png,640,480,ball,334,124,409,200
image2210.ppm.png,640,480,ball,364,174,444,252
image2224.ppm.png,640,480,ball,356,176,436,254
image2240.ppm.png,640,480,ball,342,177,421,255
image22433.ppm.png,640,480,ball,436,342,520,422
image22433.ppm.png,640,480,ball,280,294,351,364
image22433.ppm.png,640,480,ball,96,234,162,296
image22433.ppm.png,640,480,ball,366,150,423,203
image22717.ppm.png,640,480,ball,444,286,525,362
image22717.ppm.png,640,480,ball,284,256,354,326
image22717.ppm.png,640,480,ball,80,213,147,277
image22717.ppm.png,640,480,ball,340,110,393,162
image22754.ppm.png,640,480,ball,508,292,592,372
image22754.ppm.png,640,480,ball,334,272,408,347
image22754.ppm.png,640,480,ball,104,241,176,309
image22754.ppm.png,640,480,ball,360,112,415,167
image22876.ppm.png,640,480,ball,548,223,630,296
image22876.ppm.png,640,480,ball,128,260,206,336
image22876.ppm.png,640,480,ball,383,241,458,315
image22876.ppm.png,640,480,ball,328,82,384,138
image22901.ppm.png,640,480,ball,111,259,188,334
image22901.ppm.png,640,480,ball,528,220,607,292
image22901.ppm.png,640,480,ball,364,238,439,312
image22901.ppm.png,640,480,ball,308,81,365,136
image22919.ppm.png,640,480,ball,538,223,617,296
image22919.ppm.png,640,480,ball,122,262,198,337
image22919.ppm.png,640,480,ball,374,242,448,314
image22919.ppm.png,640,480,ball,319,85,374,140
image23061.ppm.png,640,480,ball,204,296,287,380
image23061.ppm.png,640,480,ball,407,173,480,243
image23061.ppm.png,640,480,ball,510,105,578,170
image23061.ppm.png,640,480,ball,226,72,284,130
image23084.ppm.png,640,480,ball,200,286,282,369
image23084.ppm.png,640,480,ball,403,167,475,236
image23084.ppm.png,640,480,ball,506,101,573,165
image23084.ppm.png,640,480,ball,224,65,281,122
image23673.ppm.png,640,480,ball,336,393,424,480
image23673.ppm.png,640,480,ball,29,250,104,319
image23673.ppm.png,640,480,ball,184,204,250,266
image23673.ppm.png,640,480,ball,374,148,432,204
image23698.ppm.png,640,480,ball,342,377,428,466
image23698.ppm.png,640,480,ball,40,236,110,304
image23698.ppm.png,640,480,ball,192,188,256,252
image23698.ppm.png,640,480,ball,380,132,440,188
image23718.ppm.png,640,480,ball,348,368,432,456
image23718.ppm.png,640,480,ball,44,228,118,296
image23718.ppm.png,640,480,ball,198,180,262,244
image23718.ppm.png,640,480,ball,388,124,447,180
image23734.ppm.png,640,480,ball,361,366,445,454
image23734.ppm.png,640,480,ball,56,225,128,293
image23734.ppm.png,640,480,ball,208,178,274,240
image23734.ppm.png,640,480,ball,400,120,459,176
image2376.ppm.png,640,480,ball,331,184,418,270
image23769.ppm.png,640,480,ball,427,345,520,435
image23769.ppm.png,640,480,ball,131,210,200,276
image23769.ppm.png,640,480,ball,274,156,338,220
image23769.ppm.png,640,480,ball,468,83,534,144
image23821.ppm.png,640,480,ball,372,362,464,452
image23821.ppm.png,640,480,ball,88,202,164,269
image23821.ppm.png,640,480,ball,240,162,308,225
image23821.ppm.png,640,480,ball,438,110,504,168
image23858.ppm.png,640,480,ball,286,373,372,462
image23858.ppm.png,640,480,ball,4,184,80,255
image23858.ppm.png,640,480,ball,168,160,236,225
image23858.ppm.png,640,480,ball,368,134,428,192
image23939.ppm.png,640,480,ball,250,360,336,447
image23939.ppm.png,640,480,ball,132,144,200,208
image23939.ppm.png,640,480,ball,334,126,392,184
image23939.ppm.png,640,480,ball,0,160,40,233
image2396.ppm.png,640,480,ball,336,196,424,282
image24105.ppm.png,640,480,ball,325,405,412,480
image24105.ppm.png,640,480,ball,27,242,100,311
image24105.ppm.png,640,480,ball,186,207,251,269
image24105.ppm.png,640,480,ball,376,166,435,221
image2411.ppm.png,640,480,ball,336,200,424,284
image24137.ppm.png,640,480,ball,320,400,406,480
image24137.ppm.png,640,480,ball,20,240,94,310
image24137.ppm.png,640,480,ball,180,204,244,266
image24137.ppm.png,640,480,ball,368,161,428,216
image24174.ppm.png,640,480,ball,326,304,410,388
image24174.ppm.png,640,480,ball,20,150,96,220
image24174.ppm.png,640,480,ball,178,108,244,175
image24174.ppm.png,640,480,ball,372,60,433,120
image24199.ppm.png,640,480,ball,324,310,408,394
image24199.ppm.png,640,480,ball,20,156,96,226
image24199.ppm.png,640,480,ball,179,116,244,180
image24199.ppm.png,640,480,ball,372,67,432,125
image24232.ppm.png,640,480,ball,332,284,414,367
image24232.ppm.png,640,480,ball,28,130,104,200
image24232.ppm.png,640,480,ball,186,89,252,155
image24232.ppm.png,640,480,ball,380,40,440,100
image24284.ppm.png,640,480,ball,334,252,415,332
image24284.ppm.png,640,480,ball,43,86,116,156
image24284.ppm.png,640,480,ball,199,49,264,116
image24284.ppm.png,640,480,ball,396,6,456,68
image24312.ppm.png,640,480,ball,343,418,428,480
image24312.ppm.png,640,480,ball,55,252,127,320
image24312.ppm.png,640,480,ball,210,218,272,280
image24312.ppm.png,640,480,ball,398,178,456,233
image24642.ppm.png,640,480,ball,296,322,385,408
image24642.ppm.png,640,480,ball,0,148,80,220
image24642.ppm.png,640,480,ball,164,117,238,184
image24642.ppm.png,640,480,ball,366,80,433,140
image24733.ppm.png,640,480,ball,310,388,400,480
image24733.ppm.png,640,480,ball,36,170,112,242
image24733.ppm.png,640,480,ball,203,163,268,228
image24733.ppm.png,640,480,ball,400,156,460,214
image24783.ppm.png,640,480,ball,256,396,344,480
image24783.ppm.png,640,480,ball,152,169,220,234
image24783.ppm.png,640,480,ball,0,172,58,245
image24783.ppm.png,640,480,ball,352,168,410,224
image24900.ppm.png,640,480,ball,396,304,484,390
image24900.ppm.png,640,480,ball,116,136,186,204
image24900.ppm.png,640,480,ball,268,100,332,164
image24900.ppm.png,640,480,ball,468,49,532,112
image24931.ppm.png,640,480,ball,406,306,494,392
image24931.ppm.png,640,480,ball,126,137,196,204
image24931.ppm.png,640,480,ball,276,100,340,166
image24931.ppm.png,640,480,ball,476,52,542,113
image24979.ppm.png,640,480,ball,392,400,485,480
image24979.ppm.png,640,480,ball,88,246,160,315
image24979.ppm.png,640,480,ball,244,203,308,266
image24979.ppm.png,640,480,ball,438,148,500,206
image25058.ppm.png,640,480,ball,338,392,432,480
image25058.ppm.png,640,480,ball,26,222,104,294
image25058.ppm.png,640,480,ball,193,188,260,253
image25058.ppm.png,640,480,ball,394,148,456,206
image25105.ppm.png,640,480,ball,352,385,448,480
image25105.ppm.png,640,480,ball,38,221,116,293
image25105.ppm.png,640,480,ball,204,185,271,250
image25105.ppm.png,640,480,ball,404,141,466,200
image25216.ppm.png,640,480,ball,466,334,570,434
image25216.ppm.png,640,480,ball,564,52,640,120
image25216.ppm.png,640,480,ball,340,125,410,193
image25216.ppm.png,640,480,ball,196,176,264,241
image25246.ppm.png,640,480,ball,454,338,556,438
image25246.ppm.png,640,480,ball,553,60,628,127
image25246.ppm.png,640,480,ball,188,177,256,243
image25246.ppm.png,640,480,ball,334,130,400,196
image25305.ppm.png,640,480,ball,253,354,352,449
image25305.ppm.png,640,480,ball,140,128,216,196
image25305.ppm.png,640,480,ball,354,108,422,168
image25305.ppm.png,640,480,ball,0,147,48,223
image25432.ppm.png,640,480,ball,306,416,400,480
image25432.ppm.png,640,480,ball,0,214,76,289
image25432.ppm.png,640,480,ball,172,192,240,259
image25432.ppm.png,640,480,ball,372,168,436,228
image25461.ppm.png,640,480,ball,330,412,424,480
image25461.ppm.png,640,480,ball,22,212,101,284
image25461.ppm.png,640,480,ball,194,188,262,255
image25461.ppm.png,640,480,ball,394,164,456,224
image25461.ppm.png,640,480,ball,394,164,456,224
image25461.ppm.png,640,480,ball,394,164,456,224
image2552.ppm.png,640,480,ball,324,184,404,261
image25570.ppm.png,640,480,ball,390,336,482,426
image25570.ppm.png,640,480,ball,104,144,179,215
image25570.ppm.png,640,480,ball,261,116,328,182
image25570.ppm.png,640,480,ball,468,80,532,142
image2566.ppm.png,640,480,ball,324,180,404,258
image25667.ppm.png,640,480,ball,392,294,484,384
image25667.ppm.png,640,480,ball,104,108,176,180
image25667.ppm.png,640,480,ball,260,74,328,143
image25667.ppm.png,640,480,ball,470,32,536,96
image2581.ppm.png,640,480,ball,324,180,406,257
image26109.ppm.png,640,480,ball,264,338,352,427
image26109.ppm.png,640,480,ball,139,224,216,298
image26109.ppm.png,640,480,ball,288,206,360,275
image26109.ppm.png,640,480,ball,414,188,484,256
image26159.ppm.png,640,480,ball,256,364,344,452
image26159.ppm.png,640,480,ball,134,248,212,320
image26159.ppm.png,640,480,ball,284,232,355,300
image26159.ppm.png,640,480,ball,408,220,480,285
image26246.ppm.png,640,480,ball,204,370,296,460
image26246.ppm.png,640,480,ball,65,260,148,335
image26246.ppm.png,640,480,ball,224,236,296,306
image26246.ppm.png,640,480,ball,346,220,414,284
image26254.ppm.png,640,480,ball,204,372,294,464
image26254.ppm.png,640,480,ball,58,266,140,342
image26254.ppm.png,640,480,ball,216,240,288,310
image26254.ppm.png,640,480,ball,336,220,404,284
image26269.ppm.png,640,480,ball,192,372,284,462
image26269.ppm.png,640,480,ball,44,264,128,341
image26269.ppm.png,640,480,ball,204,240,276,308
image26269.ppm.png,640,480,ball,324,220,391,283
image26289.ppm.png,640,480,ball,192,370,283,460
image26289.ppm.png,640,480,ball,46,256,130,333
image26289.ppm.png,640,480,ball,206,236,279,306
image26289.ppm.png,640,480,ball,328,224,394,286
image26347.ppm.png,640,480,ball,184,369,283,468
image26347.ppm.png,640,480,ball,6,252,100,337
image26347.ppm.png,640,480,ball,180,220,260,294
image26347.ppm.png,640,480,ball,310,196,380,264
image26381.ppm.png,640,480,ball,225,392,326,480
image26381.ppm.png,640,480,ball,44,264,140,352
image26381.ppm.png,640,480,ball,220,234,300,310
image26381.ppm.png,640,480,ball,348,212,422,280
image26457.ppm.png,640,480,ball,72,188,164,273
image26457.ppm.png,640,480,ball,284,256,370,343
image26457.ppm.png,640,480,ball,220,128,295,203
image26457.ppm.png,640,480,ball,324,85,394,152
image26506.ppm.png,640,480,ball,280,254,356,328
image26506.ppm.png,640,480,ball,92,208,170,280
image26506.ppm.png,640,480,ball,216,160,283,221
image26506.ppm.png,640,480,ball,304,124,364,180
image26719.ppm.png,640,480,ball,192,192,256,249
image26719.ppm.png,640,480,ball,348,201,409,260
image26719.ppm.png,640,480,ball,268,144,324,197
image26719.ppm.png,640,480,ball,324,112,378,158
image27044.ppm.png,640,480,ball,364,176,415,224
image27044.ppm.png,640,480,ball,240,176,290,220
image27044.ppm.png,640,480,ball,306,142,350,182
image27044.ppm.png,640,480,ball,356,116,399,152
image27084.ppm.png,640,480,ball,372,192,422,236
image27084.ppm.png,640,480,ball,252,188,298,232
image27084.ppm.png,640,480,ball,316,156,360,196
image27084.ppm.png,640,480,ball,366,130,408,166
image27104.ppm.png,640,480,ball,376,188,427,232
image27104.ppm.png,640,480,ball,256,188,302,230
image27104.ppm.png,640,480,ball,320,154,362,192
image27104.ppm.png,640,480,ball,368,126,410,162
image2726.ppm.png,640,480,ball,330,218,418,303
image27349.ppm.png,640,480,ball,398,360,474,436
image27349.ppm.png,640,480,ball,200,364,276,440
image27349.ppm.png,640,480,ball,286,286,348,346
image27349.ppm.png,640,480,ball,344,234,400,286
image27384.ppm.png,640,480,ball,391,372,468,448
image27384.ppm.png,640,480,ball,192,376,268,452
image27384.ppm.png,640,480,ball,279,298,342,358
image27384.ppm.png,640,480,ball,337,246,394,297
image2739.ppm.png,640,480,ball,330,214,418,299
image27410.ppm.png,640,480,ball,212,380,292,460
image27410.ppm.png,640,480,ball,412,378,492,456
image27410.ppm.png,640,480,ball,300,304,364,366
image27410.ppm.png,640,480,ball,358,249,416,304
image2752.ppm.png,640,480,ball,330,216,418,303
image28470.ppm.png,640,480,ball,176,258,246,328
image28470.ppm.png,640,480,ball,352,237,421,304
image28470.ppm.png,640,480,ball,156,127,211,182
image28470.ppm.png,640,480,ball,332,116,388,168
image28470.ppm.png,640,480,ball,608,152,640,209
image28531.ppm.png,640,480,ball,88,300,164,373
image28531.ppm.png,640,480,ball,275,284,344,352
image28531.ppm.png,640,480,ball,520,212,584,267
image28531.ppm.png,640,480,ball,76,164,138,220
image28531.ppm.png,640,480,ball,262,164,316,214
image28717.ppm.png,640,480,ball,63,252,140,323
image28717.ppm.png,640,480,ball,252,232,318,297
image28717.ppm.png,640,480,ball,43,108,102,169
image28717.ppm.png,640,480,ball,492,154,551,208
image28717.ppm.png,640,480,ball,232,108,286,160
image28743.ppm.png,640,480,ball,64,252,140,324
image28743.ppm.png,640,480,ball,252,232,319,298
image28743.ppm.png,640,480,ball,44,110,103,172
image28743.ppm.png,640,480,ball,493,154,552,208
image28743.ppm.png,640,480,ball,232,109,286,160
image28762.ppm.png,640,480,ball,64,249,141,321
image28762.ppm.png,640,480,ball,252,230,320,296
image28762.ppm.png,640,480,ball,44,108,104,168
image28762.ppm.png,640,480,ball,494,152,552,206
image28762.ppm.png,640,480,ball,234,108,288,159
image28780.ppm.png,640,480,ball,60,249,136,321
image28780.ppm.png,640,480,ball,248,229,316,295
image28780.ppm.png,640,480,ball,40,108,100,168
image28780.ppm.png,640,480,ball,489,152,548,204
image28780.ppm.png,640,480,ball,230,108,284,159
image28809.ppm.png,640,480,ball,63,249,139,321
image28809.ppm.png,640,480,ball,251,229,316,294
image28809.ppm.png,640,480,ball,42,108,100,169
image28809.ppm.png,640,480,ball,490,150,548,204
image28809.ppm.png,640,480,ball,231,108,284,158
image2888.ppm.png,640,480,ball,332,225,416,307
image2901.ppm.png,640,480,ball,336,216,420,298
image29026.ppm.png,640,480,ball,225,292,300,364
image29026.ppm.png,640,480,ball,367,218,432,281
image29026.ppm.png,640,480,ball,80,180,143,238
image29026.ppm.png,640,480,ball,249,120,307,172
image29026.ppm.png,640,480,ball,498,92,550,141
image29049.ppm.png,640,480,ball,238,292,312,365
image29049.ppm.png,640,480,ball,379,217,445,281
image29049.ppm.png,640,480,ball,94,180,155,239
image29049.ppm.png,640,480,ball,260,120,318,171
image29049.ppm.png,640,480,ball,510,90,562,140
image29071.ppm.png,640,480,ball,232,280,306,353
image29071.ppm.png,640,480,ball,374,205,439,268
image29071.ppm.png,640,480,ball,87,169,148,228
image29071.ppm.png,640,480,ball,254,108,311,159
image29071.ppm.png,640,480,ball,504,76,556,126
image2914.ppm.png,640,480,ball,336,216,420,298
image29398.ppm.png,640,480,ball,361,266,441,345
image29398.ppm.png,640,480,ball,85,217,162,290
image29398.ppm.png,640,480,ball,414,141,482,207
image29398.ppm.png,640,480,ball,212,81,271,141
image29398.ppm.png,640,480,ball,410,0,461,32
image29418.ppm.png,640,480,ball,349,251,428,328
image29418.ppm.png,640,480,ball,72,200,148,273
image29418.ppm.png,640,480,ball,403,125,470,191
image29418.ppm.png,640,480,ball,196,62,258,124
image29728.ppm.png,640,480,ball,4,364,95,449
image29728.ppm.png,640,480,ball,372,244,440,312
image29728.ppm.png,640,480,ball,487,138,548,196
image29728.ppm.png,640,480,ball,204,136,262,196
image29728.ppm.png,640,480,ball,296,72,348,125
image29744.ppm.png,640,480,ball,0,364,80,449
image29744.ppm.png,640,480,ball,360,244,430,312
image29744.ppm.png,640,480,ball,192,136,252,195
image29744.ppm.png,640,480,ball,476,140,536,198
image29744.ppm.png,640,480,ball,288,72,340,124
image29758.ppm.png,640,480,ball,0,364,74,451
image29758.ppm.png,640,480,ball,354,246,424,314
image29758.ppm.png,640,480,ball,185,136,244,196
image29758.ppm.png,640,480,ball,468,144,528,200
image29758.ppm.png,640,480,ball,280,72,332,126
image29774.ppm.png,640,480,ball,0,368,75,454
image29774.ppm.png,640,480,ball,356,250,424,318
image29774.ppm.png,640,480,ball,188,140,248,199
image29774.ppm.png,640,480,ball,472,148,532,204
image29774.ppm.png,640,480,ball,284,76,336,130
image29790.ppm.png,640,480,ball,0,368,68,454
image29790.ppm.png,640,480,ball,352,252,420,320
image29790.ppm.png,640,480,ball,184,140,244,199
image29790.ppm.png,640,480,ball,467,148,527,206
image29790.ppm.png,640,480,ball,280,76,332,130
image29804.ppm.png,640,480,ball,0,365,76,452
image29804.ppm.png,640,480,ball,356,249,424,318
image29804.ppm.png,640,480,ball,189,140,248,199
image29804.ppm.png,640,480,ball,472,148,532,204
image29804.ppm.png,640,480,ball,284,76,336,130
image29975.ppm.png,640,480,ball,204,412,288,480
image29975.ppm.png,640,480,ball,423,194,487,254
image29975.ppm.png,640,480,ball,212,162,272,219
image29975.ppm.png,640,480,ball,444,85,496,136
image29975.ppm.png,640,480,ball,250,82,300,132
image29991.ppm.png,640,480,ball,207,404,292,480
image29991.ppm.png,640,480,ball,424,188,488,248
image29991.ppm.png,640,480,ball,215,156,272,212
image29991.ppm.png,640,480,ball,444,76,498,128
image29991.ppm.png,640,480,ball,252,76,303,125
image29999.ppm.png,640,480,ball,202,404,287,480
image29999.ppm.png,640,480,ball,420,184,484,246
image29999.ppm.png,640,480,ball,208,153,268,211
image29999.ppm.png,640,480,ball,246,72,296,124
image29999.ppm.png,640,480,ball,440,76,492,125
image32335.ppm.png,640,480,ball,160,320,236,395
image32335.ppm.png,640,480,ball,387,162,446,220
image32335.ppm.png,640,480,ball,222,108,276,163
image32335.ppm.png,640,480,ball,455,69,507,119
image32335.ppm.png,640,480,ball,274,42,323,91
image32488.ppm.png,640,480,ball,164,307,239,382
image32488.ppm.png,640,480,ball,392,151,452,208
image32488.ppm.png,640,480,ball,227,95,280,150
image32488.ppm.png,640,480,ball,460,57,514,108
image32488.ppm.png,640,480,ball,280,28,328,78
image32505.ppm.png,640,480,ball,164,312,240,387
image32505.ppm.png,640,480,ball,392,155,452,214
image32505.ppm.png,640,480,ball,228,100,280,155
image32505.ppm.png,640,480,ball,460,61,513,112
image32505.ppm.png,640,480,ball,280,32,328,82
image32521.ppm.png,640,480,ball,169,312,244,388
image32521.ppm.png,640,480,ball,396,154,456,212
image32521.ppm.png,640,480,ball,231,100,284,155
image32521.ppm.png,640,480,ball,464,60,517,110
image32521.ppm.png,640,480,ball,284,32,332,82
image32680.ppm.png,640,480,ball,365,360,444,442
image32680.ppm.png,640,480,ball,448,136,508,192
image32680.ppm.png,640,480,ball,256,136,315,192
image32680.ppm.png,640,480,ball,256,52,308,104
image32680.ppm.png,640,480,ball,440,32,488,78
image32697.ppm.png,640,480,ball,355,360,435,443
image32697.ppm.png,640,480,ball,438,135,498,192
image32697.ppm.png,640,480,ball,248,135,306,192
image32697.ppm.png,640,480,ball,248,52,299,104
image32697.ppm.png,640,480,ball,430,32,480,80
image32730.ppm.png,640,480,ball,353,360,433,441
image32730.ppm.png,640,480,ball,436,136,496,193
image32730.ppm.png,640,480,ball,248,136,304,192
image32730.ppm.png,640,480,ball,248,53,298,104
image32730.ppm.png,640,480,ball,428,34,479,81
image33125.ppm.png,640,480,ball,144,374,220,451
image33125.ppm.png,640,480,ball,577,208,640,261
image33125.ppm.png,640,480,ball,260,185,316,240
image33125.ppm.png,640,480,ball,264,107,312,154
image33125.ppm.png,640,480,ball,430,16,471,55
image33144.ppm.png,640,480,ball,156,372,232,447
image33144.ppm.png,640,480,ball,582,208,640,262
image33144.ppm.png,640,480,ball,265,185,320,240
image33144.ppm.png,640,480,ball,268,107,316,154
image33144.ppm.png,640,480,ball,435,16,476,55
image33163.ppm.png,640,480,ball,162,370,236,446
image33163.ppm.png,640,480,ball,582,208,640,262
image33163.ppm.png,640,480,ball,265,185,320,240
image33163.ppm.png,640,480,ball,268,108,316,153
image33163.ppm.png,640,480,ball,436,18,476,56
image33190.ppm.png,640,480,ball,167,370,242,446
image33190.ppm.png,640,480,ball,582,212,640,265
image33190.ppm.png,640,480,ball,266,187,320,240
image33190.ppm.png,640,480,ball,268,109,316,156
image33190.ppm.png,640,480,ball,436,20,476,58
image33486.ppm.png,640,480,ball,180,377,256,456
image33486.ppm.png,640,480,ball,590,216,640,272
image33486.ppm.png,640,480,ball,85,113,140,160
image33486.ppm.png,640,480,ball,272,111,320,159
image33486.ppm.png,640,480,ball,440,20,484,60
image33504.ppm.png,640,480,ball,171,380,248,457
image33504.ppm.png,640,480,ball,578,220,640,276
image33504.ppm.png,640,480,ball,74,112,128,160
image33504.ppm.png,640,480,ball,262,112,312,160
image33504.ppm.png,640,480,ball,432,24,472,63
image33529.ppm.png,640,480,ball,166,377,242,456
image33529.ppm.png,640,480,ball,572,216,634,272
image33529.ppm.png,640,480,ball,67,111,122,160
image33529.ppm.png,640,480,ball,256,111,304,160
image33529.ppm.png,640,480,ball,424,24,466,62
image33552.ppm.png,640,480,ball,168,378,244,457
image33552.ppm.png,640,480,ball,572,220,637,276
image33552.ppm.png,640,480,ball,72,113,124,161
image33552.ppm.png,640,480,ball,259,113,308,160
image33552.ppm.png,640,480,ball,428,24,468,64
image33581.ppm.png,640,480,ball,172,374,248,452
image33581.ppm.png,640,480,ball,579,214,640,271
image33581.ppm.png,640,480,ball,73,108,128,156
image33581.ppm.png,640,480,ball,262,108,312,156
image33581.ppm.png,640,480,ball,432,20,472,58
image33937.ppm.png,640,480,ball,18,324,87,388
image33937.ppm.png,640,480,ball,536,156,589,200
image33937.ppm.png,640,480,ball,12,166,62,210
image33937.ppm.png,640,480,ball,500,457,576,480
image33937.ppm.png,640,480,ball,244,76,285,112
image33965.ppm.png,640,480,ball,15,328,84,392
image33965.ppm.png,640,480,ball,532,160,585,207
image33965.ppm.png,640,480,ball,8,170,59,212
image33965.ppm.png,640,480,ball,240,80,281,116
image33965.ppm.png,640,480,ball,502,463,570,480
image34310.ppm.png,640,480,ball,140,361,212,432
image34310.ppm.png,640,480,ball,490,262,552,319
image34310.ppm.png,640,480,ball,39,194,94,240
image34310.ppm.png,640,480,ball,572,148,622,192
image34310.ppm.png,640,480,ball,256,86,296,124
image34332.ppm.png,640,480,ball,138,359,209,429
image34332.ppm.png,640,480,ball,488,260,550,316
image34332.ppm.png,640,480,ball,36,188,92,236
image34332.ppm.png,640,480,ball,570,148,620,189
image34332.ppm.png,640,480,ball,254,84,295,120
image34352.ppm.png,640,480,ball,131,356,203,426
image34352.ppm.png,640,480,ball,480,256,542,312
image34352.ppm.png,640,480,ball,28,188,84,235
image34352.ppm.png,640,480,ball,562,144,611,188
image34352.ppm.png,640,480,ball,248,80,288,117
image34367.ppm.png,640,480,ball,132,352,204,420
image34367.ppm.png,640,480,ball,480,252,542,308
image34367.ppm.png,640,480,ball,29,182,85,230
image34367.ppm.png,640,480,ball,562,140,612,184
image34367.ppm.png,640,480,ball,248,76,288,113
image34594.ppm.png,640,480,ball,344,359,419,436
image34594.ppm.png,640,480,ball,64,244,128,304
image34594.ppm.png,640,480,ball,549,154,608,208
image34594.ppm.png,640,480,ball,526,40,572,82
image34594.ppm.png,640,480,ball,198,66,242,108
image34630.ppm.png,640,480,ball,351,364,426,440
image34630.ppm.png,640,480,ball,72,249,136,308
image34630.ppm.png,640,480,ball,556,160,615,213
image34630.ppm.png,640,480,ball,532,46,577,88
image34630.ppm.png,640,480,ball,204,72,249,112
image34653.ppm.png,640,480,ball,360,364,436,440
image34653.ppm.png,640,480,ball,83,251,146,308
image34653.ppm.png,640,480,ball,565,158,624,212
image34653.ppm.png,640,480,ball,540,44,586,86
image34653.ppm.png,640,480,ball,214,72,257,114
image34675.ppm.png,640,480,ball,360,369,436,446
image34675.ppm.png,640,480,ball,84,253,147,312
image34675.ppm.png,640,480,ball,567,165,627,218
image34675.ppm.png,640,480,ball,216,76,260,118
image34675.ppm.png,640,480,ball,544,52,589,92
image34932.ppm.png,640,480,ball,457,394,536,473
image34932.ppm.png,640,480,ball,78,360,153,433
image34932.ppm.png,640,480,ball,508,155,561,204
image34932.ppm.png,640,480,ball,114,128,164,175
image34932.ppm.png,640,480,ball,424,56,465,95
image34949.ppm.png,640,480,ball,452,400,532,480
image34949.ppm.png,640,480,ball,72,366,148,440
image34949.ppm.png,640,480,ball,502,160,556,210
image34949.ppm.png,640,480,ball,109,134,160,180
image34949.ppm.png,640,480,ball,420,60,460,100
image34962.ppm.png,640,480,ball,450,402,529,480
image34962.ppm.png,640,480,ball,70,364,146,438
image34962.ppm.png,640,480,ball,502,162,555,212
image34962.ppm.png,640,480,ball,108,132,160,178
image34962.ppm.png,640,480,ball,420,62,460,101
image34977.ppm.png,640,480,ball,454,404,534,480
image34977.ppm.png,640,480,ball,74,368,150,440
image34977.ppm.png,640,480,ball,505,164,559,214
image34977.ppm.png,640,480,ball,112,136,163,180
image34977.ppm.png,640,480,ball,423,64,464,104
image34993.ppm.png,640,480,ball,463,400,542,478
image34993.ppm.png,640,480,ball,84,362,158,435
image34993.ppm.png,640,480,ball,514,158,568,208
image34993.ppm.png,640,480,ball,120,131,170,176
image34993.ppm.png,640,480,ball,431,60,472,98
image35008.ppm.png,640,480,ball,459,402,538,480
image35008.ppm.png,640,480,ball,79,364,154,438
image35008.ppm.png,640,480,ball,509,163,564,212
image35008.ppm.png,640,480,ball,116,132,166,180
image35008.ppm.png,640,480,ball,426,64,468,102
image35259.ppm.png,640,480,ball,153,384,227,460
image35259.ppm.png,640,480,ball,500,312,570,379
image35259.ppm.png,640,480,ball,56,168,108,216
image35259.ppm.png,640,480,ball,434,115,480,160
image35259.ppm.png,640,480,ball,319,45,356,83
image35281.ppm.png,640,480,ball,159,385,232,461
image35281.ppm.png,640,480,ball,508,317,578,384
image35281.ppm.png,640,480,ball,67,169,120,218
image35281.ppm.png,640,480,ball,444,119,491,164
image35281.ppm.png,640,480,ball,330,48,367,87
image35293.ppm.png,640,480,ball,159,384,232,458
image35293.ppm.png,640,480,ball,506,316,576,382
image35293.ppm.png,640,480,ball,65,167,118,216
image35293.ppm.png,640,480,ball,443,117,490,162
image35293.ppm.png,640,480,ball,329,47,366,84
image35307.ppm.png,640,480,ball,159,378,232,452
image35307.ppm.png,640,480,ball,506,310,576,376
image35307.ppm.png,640,480,ball,64,162,116,210
image35307.ppm.png,640,480,ball,442,112,489,157
image35307.ppm.png,640,480,ball,328,42,364,80
image35323.ppm.png,640,480,ball,149,380,224,456
image35323.ppm.png,640,480,ball,497,314,567,380
image35323.ppm.png,640,480,ball,56,162,108,212
image35323.ppm.png,640,480,ball,435,116,482,160
image35323.ppm.png,640,480,ball,321,44,358,82
image35343.ppm.png,640,480,ball,145,392,220,468
image35343.ppm.png,640,480,ball,494,323,564,389
image35343.ppm.png,640,480,ball,52,174,105,223
image35343.ppm.png,640,480,ball,432,125,478,170
image35343.ppm.png,640,480,ball,318,56,356,92
image35920.ppm.png,640,480,ball,285,378,355,450
image35920.ppm.png,640,480,ball,123,200,172,246
image35920.ppm.png,640,480,ball,465,122,508,164
image35920.ppm.png,640,480,ball,367,142,410,184
image35920.ppm.png,640,480,ball,338,72,372,107
image35938.ppm.png,640,480,ball,320,355,389,426
image35938.ppm.png,640,480,ball,160,180,208,227
image35938.ppm.png,640,480,ball,400,120,444,163
image35938.ppm.png,640,480,ball,500,98,545,140
image35938.ppm.png,640,480,ball,370,49,406,85
image35966.ppm.png,640,480,ball,135,0,527,13
image35966.ppm.png,640,480,ball,295,385,365,457
image35966.ppm.png,640,480,ball,140,204,188,251
image35966.ppm.png,640,480,ball,381,150,425,195
image35966.ppm.png,640,480,ball,480,134,524,175
image35966.ppm.png,640,480,ball,354,82,389,117
image35978.ppm.png,640,480,ball,128,0,522,16
image35978.ppm.png,640,480,ball,293,389,363,462
image35978.ppm.png,640,480,ball,137,208,186,255
image35978.ppm.png,640,480,ball,379,154,424,198
image35978.ppm.png,640,480,ball,478,137,522,178
image35978.ppm.png,640,480,ball,352,85,386,120
image36012.ppm.png,640,480,ball,136,1,524,17
image36012.ppm.png,640,480,ball,292,391,362,464
image36012.ppm.png,640,480,ball,138,209,187,256
image36012.ppm.png,640,480,ball,380,156,424,200
image36012.ppm.png,640,480,ball,480,139,524,180
image36012.ppm.png,640,480,ball,354,88,388,122
image36047.ppm.png,640,480,ball,300,398,371,472
image36047.ppm.png,640,480,ball,146,216,197,263
image36047.ppm.png,640,480,ball,388,162,436,205
image36047.ppm.png,640,480,ball,488,143,533,185
image36047.ppm.png,640,480,ball,360,92,397,128
image3645.ppm.png,640,480,ball,420,200,507,280
image3645.ppm.png,640,480,ball,228,207,311,287
image3645.ppm.png,640,480,ball,601,270,612,282
image3664.ppm.png,640,480,ball,422,179,508,260
image3664.ppm.png,640,480,ball,228,188,312,268
image3776.ppm.png,640,480,ball,216,196,304,283
image3776.ppm.png,640,480,ball,404,150,493,232
image3792.ppm.png,640,480,ball,212,198,300,284
image3792.ppm.png,640,480,ball,400,151,488,233
image3792.ppm.png,640,480,ball,571,192,586,205
image3890.ppm.png,640,480,ball,207,260,299,351
image3890.ppm.png,640,480,ball,376,176,459,255
image3907.ppm.png,640,480,ball,204,256,298,347
image3907.ppm.png,640,480,ball,372,171,457,252
image4007.ppm.png,640,480,ball,230,304,328,401
image4007.ppm.png,640,480,ball,342,173,424,252
image4018.ppm.png,640,480,ball,228,300,326,399
image4018.ppm.png,640,480,ball,340,170,420,250
image4119.ppm.png,640,480,ball,295,314,397,420
image4119.ppm.png,640,480,ball,316,159,400,240
image4130.ppm.png,640,480,ball,296,315,400,420
image4130.ppm.png,640,480,ball,320,160,402,240
image4238.ppm.png,640,480,ball,348,325,455,433
image4238.ppm.png,640,480,ball,279,173,362,256
image4252.ppm.png,640,480,ball,348,327,457,436
image4252.ppm.png,640,480,ball,280,173,364,257
image4352.ppm.png,640,480,ball,396,335,510,446
image4352.ppm.png,640,480,ball,236,215,325,304
image4366.ppm.png,640,480,ball,396,333,510,446
image4366.ppm.png,640,480,ball,236,210,326,300
image4529.ppm.png,640,480,ball,431,339,534,441
image4529.ppm.png,640,480,ball,171,117,238,184
image4529.ppm.png,640,480,ball,133,301,154,326
image4549.ppm.png,640,480,ball,434,342,537,444
image4549.ppm.png,640,480,ball,176,120,243,187
image4696.ppm.png,640,480,ball,496,190,578,268
image4696.ppm.png,640,480,ball,128,164,196,228
image4725.ppm.png,640,480,ball,500,190,583,267
image4725.ppm.png,640,480,ball,132,160,201,226
image5357.ppm.png,640,480,ball,484,291,569,372
image5357.ppm.png,640,480,ball,112,248,182,314
image5376.ppm.png,640,480,ball,480,289,565,370
image5376.ppm.png,640,480,ball,108,248,178,314
image5456.ppm.png,640,480,ball,530,213,618,295
image5456.ppm.png,640,480,ball,158,166,226,232
image5623.ppm.png,640,480,ball,520,255,599,329
image5623.ppm.png,640,480,ball,126,269,200,342
image5647.ppm.png,640,480,ball,528,213,607,286
image5647.ppm.png,640,480,ball,140,234,214,304
image5774.ppm.png,640,480,ball,468,123,532,183
image5774.ppm.png,640,480,ball,152,120,212,178
image5793.ppm.png,640,480,ball,486,109,548,169
image5793.ppm.png,640,480,ball,168,108,228,167
image6006.ppm.png,640,480,ball,488,108,544,161
image6006.ppm.png,640,480,ball,219,110,268,160
image6025.ppm.png,640,480,ball,488,113,542,165
image6025.ppm.png,640,480,ball,218,111,268,161
image6340.ppm.png,640,480,ball,156,212,212,267
image6340.ppm.png,640,480,ball,382,129,428,175
image6362.ppm.png,640,480,ball,148,184,206,239
image6362.ppm.png,640,480,ball,380,110,426,156
image6607.ppm.png,640,480,ball,246,202,314,270
image6607.ppm.png,640,480,ball,352,8,404,60
image6702.ppm.png,640,480,ball,271,308,340,378
image6702.ppm.png,640,480,ball,376,124,424,174
image6724.ppm.png,640,480,ball,280,296,348,365
image6724.ppm.png,640,480,ball,388,112,436,162
image6750.ppm.png,640,480,ball,272,301,340,370
image6750.ppm.png,640,480,ball,380,118,429,168
image6959.ppm.png,640,480,ball,472,284,550,358
image6959.ppm.png,640,480,ball,212,155,267,209
image6975.ppm.png,640,480,ball,470,284,548,356
image6975.ppm.png,640,480,ball,208,156,264,211
image7001.ppm.png,640,480,ball,480,278,558,351
image7001.ppm.png,640,480,ball,216,148,272,202
image8919.ppm.png,640,480,ball,247,265,313,332
image8919.ppm.png,640,480,ball,392,154,448,209
image8933.ppm.png,640,480,ball,234,264,300,331
image8933.ppm.png,640,480,ball,380,156,436,210
image8949.ppm.png,640,480,ball,224,257,292,324
image8949.ppm.png,640,480,ball,370,148,426,202
image4774.ppm.png,640,480,ball,260,189,344,272
image4790.ppm.png,640,480,ball,259,192,343,275
image4805.ppm.png,640,480,ball,256,189,340,272
image4821.ppm.png,640,480,ball,256,191,340,274
image4837.ppm.png,640,480,ball,246,187,330,270
image4856.ppm.png,640,480,ball,254,203,341,288
image4872.ppm.png,640,480,ball,230,202,318,289
image4888.ppm.png,640,480,ball,236,209,324,296
image4903.ppm.png,640,480,ball,228,212,317,300
image4919.ppm.png,640,480,ball,214,224,304,312
image4935.ppm.png,640,480,ball,234,257,327,350
image4950.ppm.png,640,480,ball,232,262,328,357
image4967.ppm.png,640,480,ball,242,279,337,375
image4983.ppm.png,640,480,ball,244,269,339,364
image4999.ppm.png,640,480,ball,240,269,337,367
image5016.ppm.png,640,480,ball,247,264,345,362
image5032.ppm.png,640,480,ball,239,260,337,357
image5047.ppm.png,640,480,ball,264,257,364,357
image5063.ppm.png,640,480,ball,242,256,343,355
image5079.ppm.png,640,480,ball,244,200,339,294
image5094.ppm.png,640,480,ball,262,179,350,265
image5111.ppm.png,640,480,ball,266,166,346,246
image5127.ppm.png,640,480,ball,240,134,320,211
image5142.ppm.png,640,480,ball,228,115,304,193
image5158.ppm.png,640,480,ball,220,130,297,207
image5173.ppm.png,640,480,ball,204,143,282,219
image5190.ppm.png,640,480,ball,218,156,300,236
image5206.ppm.png,640,480,ball,220,210,305,293
image5221.ppm.png,640,480,ball,204,225,294,312
image5253.ppm.png,640,480,ball,192,252,291,351
image5268.ppm.png,640,480,ball,229,276,328,372
image5284.ppm.png,640,480,ball,312,282,410,379
image5300.ppm.png,640,480,ball,369,203,462,295
image5315.ppm.png,640,480,ball,350,141,440,228
image5331.ppm.png,640,480,ball,345,120,430,204
image5347.ppm.png,640,480,ball,296,106,379,187
image5363.ppm.png,640,480,ball,280,93,358,172
image5380.ppm.png,640,480,ball,238,114,316,191
image5396.ppm.png,640,480,ball,200,140,281,217
image5412.ppm.png,640,480,ball,172,154,258,236
image5428.ppm.png,640,480,ball,200,174,285,256
image5444.ppm.png,640,480,ball,192,156,280,237
image5459.ppm.png,640,480,ball,216,123,303,207
image5475.ppm.png,640,480,ball,204,118,295,209
image5490.ppm.png,640,480,ball,208,89,304,184
image5507.ppm.png,640,480,ball,226,92,322,188
image5523.ppm.png,640,480,ball,194,124,290,218
image5539.ppm.png,640,480,ball,164,152,265,250
image5554.ppm.png,640,480,ball,208,204,305,300
image5570.ppm.png,640,480,ball,252,218,346,311
image5586.ppm.png,640,480,ball,244,225,336,316
image5602.ppm.png,640,480,ball,208,234,305,328
image5618.ppm.png,640,480,ball,174,264,277,364
image5633.ppm.png,640,480,ball,211,245,313,346
image5649.ppm.png,640,480,ball,248,245,348,344
image5664.ppm.png,640,480,ball,251,251,348,347
image5679.ppm.png,640,480,ball,255,272,351,368
image5695.ppm.png,640,480,ball,258,270,355,366
image5710.ppm.png,640,480,ball,220,255,316,351
image5726.ppm.png,640,480,ball,224,260,320,356
image5742.ppm.png,640,480,ball,220,260,316,356
image5758.ppm.png,640,480,ball,220,263,316,357
image5773.ppm.png,640,480,ball,228,256,320,348
image5789.ppm.png,640,480,ball,236,248,331,343
image5804.ppm.png,640,480,ball,200,268,300,367
image5820.ppm.png,640,480,ball,204,230,300,323
image5836.ppm.png,640,480,ball,172,228,266,319
image5836.ppm.png,640,480,ball,496,26,546,77
image5852.ppm.png,640,480,ball,120,248,222,345
image5868.ppm.png,640,480,ball,136,257,242,357
image5883.ppm.png,640,480,ball,214,286,316,384
image5901.ppm.png,640,480,ball,287,234,383,327
image5917.ppm.png,640,480,ball,272,188,364,278
image5932.ppm.png,640,480,ball,254,185,348,279
image5949.ppm.png,640,480,ball,217,208,315,304
image5965.ppm.png,640,480,ball,258,199,351,289
image5984.ppm.png,640,480,ball,258,173,348,262
image6000.ppm.png,640,480,ball,169,196,267,290
image6016.ppm.png,640,480,ball,221,228,316,320
image6035.ppm.png,640,480,ball,279,227,370,317
image6051.ppm.png,640,480,ball,265,240,353,327
image6066.ppm.png,640,480,ball,240,246,331,336
image6084.ppm.png,640,480,ball,236,221,327,312
image6100.ppm.png,640,480,ball,286,256,375,344
image6115.ppm.png,640,480,ball,340,267,428,353
image6131.ppm.png,640,480,ball,338,254,424,339
image6149.ppm.png,640,480,ball,286,266,376,355
image6166.ppm.png,640,480,ball,248,266,338,356
image6181.ppm.png,640,480,ball,259,292,349,383
image6196.ppm.png,640,480,ball,248,305,336,395
image6215.ppm.png,640,480,ball,272,299,363,390
image6233.ppm.png,640,480,ball,282,309,377,404
image6249.ppm.png,640,480,ball,292,307,387,401
image6265.ppm.png,640,480,ball,273,306,360,394
image6265.ppm.png,640,480,ball,180,100,224,140
image6283.ppm.png,640,480,ball,266,302,356,393
image6299.ppm.png,640,480,ball,258,320,352,416
image6331.ppm.png,640,480,ball,320,275,407,358
image6331.ppm.png,640,480,ball,0,0,15,220
image6365.ppm.png,640,480,ball,359,206,430,273
image6380.ppm.png,640,480,ball,352,203,419,266
image6396.ppm.png,640,480,ball,375,161,437,220
image6415.ppm.png,640,480,ball,320,171,382,228
image6431.ppm.png,640,480,ball,279,176,335,230
image6447.ppm.png,640,480,ball,272,148,328,201
image6478.ppm.png,640,480,ball,275,165,323,212
image6493.ppm.png,640,480,ball,242,165,290,211
image6509.ppm.png,640,480,ball,264,139,310,183
image6524.ppm.png,640,480,ball,291,136,335,179
image6540.ppm.png,640,480,ball,267,165,312,208
image6556.ppm.png,640,480,ball,255,168,299,210
image6575.ppm.png,640,480,ball,282,144,325,186
image6607.ppm.png,640,480,ball,248,159,293,200
image6625.ppm.png,640,480,ball,240,156,284,198
image6640.ppm.png,640,480,ball,212,156,260,198
image6656.ppm.png,640,480,ball,224,148,268,189
image6674.ppm.png,640,480,ball,203,154,246,194
image6690.ppm.png,640,480,ball,184,167,226,206
image6705.ppm.png,640,480,ball,228,157,273,195
image6737.ppm.png,640,480,ball,266,141,308,182
image6752.ppm.png,640,480,ball,308,129,353,172
image6769.ppm.png,640,480,ball,236,198,280,241
image6784.ppm.png,640,480,ball,187,216,232,259
image6800.ppm.png,640,480,ball,180,197,228,241
image6832.ppm.png,640,480,ball,252,131,297,173
image6848.ppm.png,640,480,ball,184,172,235,214
image6865.ppm.png,640,480,ball,142,197,191,239
image6881.ppm.png,640,480,ball,143,196,188,238
image6900.ppm.png,640,480,ball,564,0,640,77
image6900.ppm.png,640,480,ball,136,207,187,253
image6935.ppm.png,640,480,ball,176,157,229,207
image6950.ppm.png,640,480,ball,158,157,214,208
image6966.ppm.png,640,480,ball,204,163,257,212
image7012.ppm.png,640,480,ball,248,139,304,194
image7031.ppm.png,640,480,ball,280,158,342,216
image7062.ppm.png,640,480,ball,281,188,342,247
image7081.ppm.png,640,480,ball,277,172,336,228
image7100.ppm.png,640,480,ball,274,146,344,209
image10014.ppm.png,640,480,ball,67,296,168,396
image10014.ppm.png,640,480,ball,408,192,500,280
image10030.ppm.png,640,480,ball,64,320,163,416
image10030.ppm.png,640,480,ball,389,221,476,304
image10046.ppm.png,640,480,ball,132,288,216,367
image10046.ppm.png,640,480,ball,404,204,479,276
image10062.ppm.png,640,480,ball,218,241,286,307
image10062.ppm.png,640,480,ball,450,187,516,248
image10078.ppm.png,640,480,ball,222,232,282,289
image10078.ppm.png,640,480,ball,420,187,476,239
image10094.ppm.png,640,480,ball,264,171,317,221
image10094.ppm.png,640,480,ball,441,139,492,186
image10110.ppm.png,640,480,ball,243,148,293,197
image10110.ppm.png,640,480,ball,404,115,452,160
image10126.ppm.png,640,480,ball,240,146,288,192
image10126.ppm.png,640,480,ball,392,107,436,151
image10142.ppm.png,640,480,ball,259,132,305,177
image10142.ppm.png,640,480,ball,406,104,449,146
image10158.ppm.png,640,480,ball,240,127,287,170
image10158.ppm.png,640,480,ball,386,95,428,135
image10174.ppm.png,640,480,ball,238,148,287,195
image10174.ppm.png,640,480,ball,380,103,424,145
image10189.ppm.png,640,480,ball,280,145,330,195
image10189.ppm.png,640,480,ball,424,100,471,144
image10206.ppm.png,640,480,ball,296,164,352,216
image10206.ppm.png,640,480,ball,440,104,489,150
image10222.ppm.png,640,480,ball,230,203,287,258
image10222.ppm.png,640,480,ball,356,136,405,180
image10238.ppm.png,640,480,ball,233,181,288,235
image10238.ppm.png,640,480,ball,334,104,379,148
image10254.ppm.png,640,480,ball,200,215,257,268
image10254.ppm.png,640,480,ball,287,141,331,184
image10270.ppm.png,640,480,ball,210,234,266,290
image10270.ppm.png,640,480,ball,279,154,322,197
image10286.ppm.png,640,480,ball,244,227,303,285
image10286.ppm.png,640,480,ball,294,135,340,179
image10302.ppm.png,640,480,ball,269,257,335,322
image10302.ppm.png,640,480,ball,315,148,364,196
image10318.ppm.png,640,480,ball,222,282,292,351
image10318.ppm.png,640,480,ball,234,162,285,212
image10334.ppm.png,640,480,ball,242,246,311,314
image10334.ppm.png,640,480,ball,230,133,281,183
image10350.ppm.png,640,480,ball,286,210,350,272
image10350.ppm.png,640,480,ball,256,111,304,159
image10366.ppm.png,640,480,ball,299,216,361,277
image10366.ppm.png,640,480,ball,251,124,299,171
image10381.ppm.png,640,480,ball,316,165,377,225
image10381.ppm.png,640,480,ball,238,83,287,130
image10397.ppm.png,640,480,ball,352,179,420,243
image10397.ppm.png,640,480,ball,256,88,310,139
image10413.ppm.png,640,480,ball,354,220,424,288
image10413.ppm.png,640,480,ball,237,123,292,175
image10430.ppm.png,640,480,ball,358,228,428,296
image10430.ppm.png,640,480,ball,199,147,255,200
image10449.ppm.png,640,480,ball,380,243,457,314
image10449.ppm.png,640,480,ball,188,164,250,222
image10465.ppm.png,640,480,ball,354,232,427,302
image10465.ppm.png,640,480,ball,128,196,194,258
image10481.ppm.png,640,480,ball,352,215,421,282
image10481.ppm.png,640,480,ball,128,183,192,243
image10496.ppm.png,640,480,ball,392,171,463,237
image10496.ppm.png,640,480,ball,168,151,231,210
image10512.ppm.png,640,480,ball,356,184,424,248
image10512.ppm.png,640,480,ball,114,195,181,258
image10528.ppm.png,640,480,ball,392,163,466,232
image10528.ppm.png,640,480,ball,132,172,204,242
image10544.ppm.png,640,480,ball,128,196,205,271
image10544.ppm.png,640,480,ball,408,188,484,261
image10560.ppm.png,640,480,ball,94,216,174,292
image10560.ppm.png,640,480,ball,368,169,438,238
image10578.ppm.png,640,480,ball,120,203,198,279
image10578.ppm.png,640,480,ball,376,154,444,221
image10596.ppm.png,640,480,ball,170,180,248,252
image10596.ppm.png,640,480,ball,416,112,484,177
image10612.ppm.png,640,480,ball,183,232,262,310
image10612.ppm.png,640,480,ball,412,144,480,208
image10628.ppm.png,640,480,ball,163,232,244,309
image10628.ppm.png,640,480,ball,378,135,443,198
image10644.ppm.png,640,480,ball,224,239,299,313
image10644.ppm.png,640,480,ball,416,140,480,200
image10660.ppm.png,640,480,ball,191,261,269,340
image10660.ppm.png,640,480,ball,366,144,428,204
image10676.ppm.png,640,480,ball,192,266,272,345
image10676.ppm.png,640,480,ball,336,137,395,196
image10692.ppm.png,640,480,ball,220,247,295,319
image10692.ppm.png,640,480,ball,336,131,393,184
image10708.ppm.png,640,480,ball,228,251,299,320
image10708.ppm.png,640,480,ball,316,140,368,192
image10708.ppm.png,640,480,ball,174,0,207,28
image10724.ppm.png,640,480,ball,266,231,332,298
image10724.ppm.png,640,480,ball,325,127,374,176
image10724.ppm.png,640,480,ball,155,0,186,28
image10724.ppm.png,640,480,ball,332,452,354,473
image10724.ppm.png,640,480,ball,408,465,427,480
image10724.ppm.png,640,480,ball,390,459,403,478
image10740.ppm.png,640,480,ball,263,332,361,406
image10740.ppm.png,640,480,ball,294,189,358,257
image10740.ppm.png,640,480,ball,284,431,362,480
image10740.ppm.png,640,480,ball,349,99,398,148
image10740.ppm.png,640,480,ball,357,435,392,480
image10740.ppm.png,640,480,ball,229,320,260,364
image10758.ppm.png,640,480,ball,311,147,379,213
image10758.ppm.png,640,480,ball,354,51,405,100
image10775.ppm.png,640,480,ball,330,221,399,289
image10775.ppm.png,640,480,ball,358,111,410,161
image10823.ppm.png,640,480,ball,296,376,381,464
image10823.ppm.png,640,480,ball,274,219,332,276
image10840.ppm.png,640,480,ball,288,395,374,480
image10840.ppm.png,640,480,ball,268,237,326,293
image10859.ppm.png,640,480,ball,292,375,377,462
image10859.ppm.png,640,480,ball,268,221,325,277
image10875.ppm.png,640,480,ball,284,371,370,457
image10875.ppm.png,640,480,ball,260,218,318,273
image10891.ppm.png,640,480,ball,272,371,358,457
image10891.ppm.png,640,480,ball,246,219,304,275
image10907.ppm.png,640,480,ball,276,342,361,427
image10907.ppm.png,640,480,ball,244,194,302,251
image10923.ppm.png,640,480,ball,280,363,364,449
image10923.ppm.png,640,480,ball,248,214,306,270
image1178.ppm.png,640,480,ball,275,229,346,300
image1194.ppm.png,640,480,ball,272,229,345,300
image1210.ppm.png,640,480,ball,270,233,342,304
image1226.ppm.png,640,480,ball,263,227,335,297
image1242.ppm.png,640,480,ball,272,228,344,299
image1258.ppm.png,640,480,ball,268,242,340,313
image1273.ppm.png,640,480,ball,296,228,366,297
image1289.ppm.png,640,480,ball,304,226,372,292
image1306.ppm.png,640,480,ball,304,241,373,308
image1321.ppm.png,640,480,ball,336,229,400,292
image1337.ppm.png,640,480,ball,368,200,429,257
image1353.ppm.png,640,480,ball,332,184,389,238
image1369.ppm.png,640,480,ball,356,168,411,218
image1384.ppm.png,640,480,ball,400,135,452,183
image1401.ppm.png,640,480,ball,404,142,454,188
image1417.ppm.png,640,480,ball,418,96,465,140
image1433.ppm.png,640,480,ball,396,74,443,117
image1449.ppm.png,640,480,ball,414,60,460,103
image1464.ppm.png,640,480,ball,400,71,447,116
image1480.ppm.png,640,480,ball,392,99,447,150
image1497.ppm.png,640,480,ball,358,137,422,198
image1512.ppm.png,640,480,ball,317,204,389,273
image1528.ppm.png,640,480,ball,288,287,372,374
image1544.ppm.png,640,480,ball,240,343,333,439
image1560.ppm.png,640,480,ball,228,377,326,480
image1576.ppm.png,640,480,ball,264,377,361,480
image1592.ppm.png,640,480,ball,300,342,390,434
image1608.ppm.png,640,480,ball,324,326,407,410
image1624.ppm.png,640,480,ball,322,280,397,354
image1641.ppm.png,640,480,ball,348,237,414,300
image1657.ppm.png,640,480,ball,359,238,421,295
image1673.ppm.png,640,480,ball,364,228,423,282
image1689.ppm.png,640,480,ball,396,255,450,305
image1689.ppm.png,640,480,ball,372,27,388,44
image1705.ppm.png,640,480,ball,430,215,482,261
image1721.ppm.png,640,480,ball,402,218,450,264
image1737.ppm.png,640,480,ball,426,186,475,232
image1753.ppm.png,640,480,ball,401,182,450,229
image1768.ppm.png,640,480,ball,369,175,420,223
image1784.ppm.png,640,480,ball,294,184,346,234
image1800.ppm.png,640,480,ball,274,178,325,227
image1816.ppm.png,640,480,ball,290,168,339,216
image1832.ppm.png,640,480,ball,285,200,334,248
image1848.ppm.png,640,480,ball,282,198,330,246
image1864.ppm.png,640,480,ball,269,188,317,235
image1880.ppm.png,640,480,ball,278,173,329,221
image1911.ppm.png,640,480,ball,320,147,365,189
image1927.ppm.png,640,480,ball,336,163,377,201
image1927.ppm.png,640,480,ball,297,0,316,18
image1943.ppm.png,640,480,ball,364,170,402,206
image1959.ppm.png,640,480,ball,376,186,412,219
image1974.ppm.png,640,480,ball,372,194,408,226
image1991.ppm.png,640,480,ball,380,197,413,227
image2007.ppm.png,640,480,ball,127,77,165,111
image2007.ppm.png,640,480,ball,376,219,407,247
image2023.ppm.png,640,480,ball,384,189,414,216
image2039.ppm.png,640,480,ball,398,190,430,218
image2055.ppm.png,640,480,ball,416,186,449,216
image2071.ppm.png,640,480,ball,418,210,454,244
image2087.ppm.png,640,480,ball,400,202,441,240
image2087.ppm.png,640,480,ball,270,46,298,70
image2102.ppm.png,640,480,ball,371,196,418,240
image2118.ppm.png,640,480,ball,360,223,413,274
image2134.ppm.png,640,480,ball,348,261,413,324
image2134.ppm.png,640,480,ball,213,136,233,160
image2150.ppm.png,640,480,ball,313,305,390,381
image2150.ppm.png,640,480,ball,81,276,95,291
image2166.ppm.png,640,480,ball,324,340,409,432
image2182.ppm.png,640,480,ball,302,364,392,458
image2182.ppm.png,640,480,ball,115,154,132,175
image2198.ppm.png,640,480,ball,254,389,345,480
image2198.ppm.png,640,480,ball,266,101,284,120
image2214.ppm.png,640,480,ball,254,386,340,476
image2230.ppm.png,640,480,ball,288,360,368,444
image2246.ppm.png,640,480,ball,292,378,371,460
image2246.ppm.png,640,480,ball,76,198,108,228
image2262.ppm.png,640,480,ball,286,354,358,428
image2278.ppm.png,640,480,ball,336,327,406,397
image2294.ppm.png,640,480,ball,366,320,440,392
image2311.ppm.png,640,480,ball,474,343,554,418
image2327.ppm.png,640,480,ball,523,358,604,436
image2327.ppm.png,640,480,ball,20,425,40,445
image2343.ppm.png,640,480,ball,548,366,633,444
image2343.ppm.png,640,480,ball,21,390,52,426
image2359.ppm.png,640,480,ball,480,362,562,437
image2375.ppm.png,640,480,ball,361,355,438,427
image2375.ppm.png,640,480,ball,242,142,256,157
image2391.ppm.png,640,480,ball,262,361,334,433
image2391.ppm.png,640,480,ball,375,121,393,136
image2409.ppm.png,640,480,ball,210,367,281,439
image2427.ppm.png,640,480,ball,152,376,226,448
image2443.ppm.png,640,480,ball,93,386,167,459
image2443.ppm.png,640,480,ball,169,14,194,38
image2443.ppm.png,640,480,ball,139,24,160,47
image2460.ppm.png,640,480,ball,40,395,116,468
image2460.ppm.png,640,480,ball,98,28,119,47
image2476.ppm.png,640,480,ball,82,385,156,457
image2476.ppm.png,640,480,ball,161,14,192,43
image2476.ppm.png,640,480,ball,281,16,296,32
image2491.ppm.png,640,480,ball,200,347,272,418
image2508.ppm.png,640,480,ball,306,314,377,384
image2524.ppm.png,640,480,ball,318,283,389,356
image2540.ppm.png,640,480,ball,316,225,391,299
image2556.ppm.png,640,480,ball,260,268,340,348
image2572.ppm.png,640,480,ball,228,315,316,403
image2588.ppm.png,640,480,ball,244,305,334,396
image2604.ppm.png,640,480,ball,272,297,360,385
image2621.ppm.png,640,480,ball,305,298,389,383
image2637.ppm.png,640,480,ball,328,240,406,315
image2652.ppm.png,640,480,ball,353,204,424,272
image2668.ppm.png,640,480,ball,358,156,423,218
image2684.ppm.png,640,480,ball,344,113,406,173
image2699.ppm.png,640,480,ball,335,63,395,123
image2715.ppm.png,640,480,ball,324,96,385,155
image2731.ppm.png,640,480,ball,168,155,230,216
image2747.ppm.png,640,480,ball,138,173,202,233
image2747.ppm.png,640,480,ball,607,17,626,40
image2763.ppm.png,640,480,ball,103,199,166,257
image2763.ppm.png,640,480,ball,524,20,575,74
image2779.ppm.png,640,480,ball,56,223,122,281
image2779.ppm.png,640,480,ball,431,167,514,207
image2779.ppm.png,640,480,ball,92,0,129,28
image2779.ppm.png,640,480,ball,471,202,519,215
image2779.ppm.png,640,480,ball,489,26,512,50
image2779.ppm.png,640,480,ball,481,60,500,79
image2795.ppm.png,640,480,ball,38,252,105,311
image2795.ppm.png,640,480,ball,414,206,473,229
image2795.ppm.png,640,480,ball,78,25,108,52
image2795.ppm.png,640,480,ball,466,224,501,236
image2795.ppm.png,640,480,ball,417,163,440,179
image2795.ppm.png,640,480,ball,373,286,390,304
image2811.ppm.png,640,480,ball,216,211,275,265
image2811.ppm.png,640,480,ball,244,0,270,25
image2827.ppm.png,640,480,ball,264,190,321,244
image2843.ppm.png,640,480,ball,256,195,314,248
image2859.ppm.png,640,480,ball,251,175,306,227
image2874.ppm.png,640,480,ball,264,192,319,244
image2874.ppm.png,640,480,ball,96,16,124,42
image2891.ppm.png,640,480,ball,284,189,340,243
image2891.ppm.png,640,480,ball,34,26,66,53
image2907.ppm.png,640,480,ball,299,148,353,200
image2907.ppm.png,640,480,ball,0,8,32,36
image2923.ppm.png,640,480,ball,305,138,358,187
image2939.ppm.png,640,480,ball,298,75,351,126
image2956.ppm.png,640,480,ball,328,98,381,152
image2971.ppm.png,640,480,ball,365,192,421,244
image2987.ppm.png,640,480,ball,384,267,447,328
image3003.ppm.png,640,480,ball,324,340,396,414
image3018.ppm.png,640,480,ball,289,318,366,396
image3035.ppm.png,640,480,ball,298,257,377,335
image3051.ppm.png,640,480,ball,306,235,384,311
image3067.ppm.png,640,480,ball,293,247,371,323
image3083.ppm.png,640,480,ball,294,255,371,330
image3650.ppm.png,640,480,ball,258,276,324,342
image3650.ppm.png,640,480,ball,494,263,562,326
image3650.ppm.png,640,480,ball,599,0,640,43
image3650.ppm.png,640,480,ball,580,19,600,41
image3668.ppm.png,640,480,ball,253,265,319,330
image3668.ppm.png,640,480,ball,488,256,555,318
image3668.ppm.png,640,480,ball,599,0,640,40
image3668.ppm.png,640,480,ball,581,16,600,39
image3684.ppm.png,640,480,ball,262,231,326,294
image3684.ppm.png,640,480,ball,494,215,560,276
image3684.ppm.png,640,480,ball,1,435,37,468
image3700.ppm.png,640,480,ball,263,266,327,330
image3700.ppm.png,640,480,ball,484,238,548,297
image3716.ppm.png,640,480,ball,273,252,338,318
image3716.ppm.png,640,480,ball,487,211,549,268
image3732.ppm.png,640,480,ball,263,299,335,371
image3732.ppm.png,640,480,ball,474,232,538,291
image3748.ppm.png,640,480,ball,251,329,328,408
image3748.ppm.png,640,480,ball,431,224,495,284
image3764.ppm.png,640,480,ball,238,321,314,399
image3764.ppm.png,640,480,ball,385,205,444,262
image3780.ppm.png,640,480,ball,286,303,360,377
image3780.ppm.png,640,480,ball,397,184,455,239
image3780.ppm.png,640,480,ball,46,22,68,44
image3796.ppm.png,640,480,ball,267,332,342,408
image3796.ppm.png,640,480,ball,334,202,388,255
image3812.ppm.png,640,480,ball,274,321,346,394
image3812.ppm.png,640,480,ball,307,198,358,249
image3828.ppm.png,640,480,ball,310,301,379,371
image3828.ppm.png,640,480,ball,302,186,352,235
image3844.ppm.png,640,480,ball,315,313,384,381
image3844.ppm.png,640,480,ball,267,203,317,252
image3860.ppm.png,640,480,ball,330,309,396,374
image3860.ppm.png,640,480,ball,254,211,304,259
image3860.ppm.png,640,480,ball,2,56,36,89
image3876.ppm.png,640,480,ball,345,280,411,343
image3876.ppm.png,640,480,ball,245,189,295,238
image3892.ppm.png,640,480,ball,361,299,422,358
image3892.ppm.png,640,480,ball,258,218,305,263
image3908.ppm.png,640,480,ball,389,263,444,316
image3908.ppm.png,640,480,ball,295,194,337,235
image3924.ppm.png,640,480,ball,396,242,445,289
image3924.ppm.png,640,480,ball,301,187,340,225
image3940.ppm.png,640,480,ball,382,236,429,280
image3940.ppm.png,640,480,ball,292,187,331,224
image3940.ppm.png,640,480,ball,382,236,429,280
image3940.ppm.png,640,480,ball,292,187,331,224
image3989.ppm.png,640,480,ball,447,154,486,190
image3989.ppm.png,640,480,ball,372,120,405,150
image4005.ppm.png,640,480,ball,452,154,489,188
image4005.ppm.png,640,480,ball,380,121,411,150
image4021.ppm.png,640,480,ball,434,154,472,188
image4021.ppm.png,640,480,ball,356,116,390,147
image4037.ppm.png,640,480,ball,442,156,484,196
image4037.ppm.png,640,480,ball,352,116,388,150
image4055.ppm.png,640,480,ball,469,206,520,252
image4055.ppm.png,640,480,ball,368,148,409,186
image4073.ppm.png,640,480,ball,450,229,510,285
image4073.ppm.png,640,480,ball,322,162,370,206
image4089.ppm.png,640,480,ball,442,291,512,360
image4089.ppm.png,640,480,ball,290,205,344,256
image4105.ppm.png,640,480,ball,381,301,456,375
image4105.ppm.png,640,480,ball,192,220,254,279
image4121.ppm.png,640,480,ball,384,299,459,373
image4121.ppm.png,640,480,ball,160,240,225,302
image4137.ppm.png,640,480,ball,398,229,468,298
image4137.ppm.png,640,480,ball,165,211,229,272
image4153.ppm.png,640,480,ball,399,248,468,315
image4153.ppm.png,640,480,ball,160,251,225,315
image4169.ppm.png,640,480,ball,416,247,480,308
image4169.ppm.png,640,480,ball,190,249,252,308
image4185.ppm.png,640,480,ball,418,219,476,273
image4185.ppm.png,640,480,ball,216,233,271,287
image4201.ppm.png,640,480,ball,398,203,450,252
image4201.ppm.png,640,480,ball,216,223,268,272
image4217.ppm.png,640,480,ball,468,168,515,212
image4217.ppm.png,640,480,ball,301,169,346,212
image4233.ppm.png,640,480,ball,456,175,500,216
image4233.ppm.png,640,480,ball,302,172,344,212
image4249.ppm.png,640,480,ball,472,135,516,175
image4249.ppm.png,640,480,ball,323,134,364,174
image4264.ppm.png,640,480,ball,527,119,575,162
image4264.ppm.png,640,480,ball,364,118,408,160
image4280.ppm.png,640,480,ball,527,138,582,188
image4280.ppm.png,640,480,ball,344,127,395,176
image4297.ppm.png,640,480,ball,515,119,578,178
image4297.ppm.png,640,480,ball,300,129,359,189
image4313.ppm.png,640,480,ball,516,195,589,261
image4313.ppm.png,640,480,ball,260,205,329,272
image4328.ppm.png,640,480,ball,171,322,256,412
image4328.ppm.png,640,480,ball,470,296,555,380
image4345.ppm.png,640,480,ball,140,379,234,475
image4345.ppm.png,640,480,ball,470,358,563,448
image4361.ppm.png,640,480,ball,421,343,511,431
image4361.ppm.png,640,480,ball,91,410,191,480
image4393.ppm.png,640,480,ball,152,366,246,460
image4393.ppm.png,640,480,ball,396,246,469,316
image4409.ppm.png,640,480,ball,186,353,273,443
image4409.ppm.png,640,480,ball,384,221,452,286
image4425.ppm.png,640,480,ball,194,368,278,455
image4425.ppm.png,640,480,ball,344,223,406,281
image4441.ppm.png,640,480,ball,229,351,307,430
image4441.ppm.png,640,480,ball,346,221,404,276
image4441.ppm.png,640,480,ball,435,7,458,27
image4617.ppm.png,640,480,ball,443,128,488,166
image4617.ppm.png,640,480,ball,436,79,472,110
image4728.ppm.png,640,480,ball,465,237,528,293
image4728.ppm.png,640,480,ball,319,171,368,216
image4728.ppm.png,640,480,ball,270,327,292,347
image4745.ppm.png,640,480,ball,453,231,515,288
image4745.ppm.png,640,480,ball,280,192,329,239
image4761.ppm.png,640,480,ball,418,229,476,282
image4761.ppm.png,640,480,ball,244,200,292,246
image4777.ppm.png,640,480,ball,419,197,471,245
image4777.ppm.png,640,480,ball,249,182,294,224
image4777.ppm.png,640,480,ball,476,0,507,37
image4793.ppm.png,640,480,ball,403,176,450,220
image4793.ppm.png,640,480,ball,238,171,282,212
image4809.ppm.png,640,480,ball,424,134,469,176
image4809.ppm.png,640,480,ball,268,129,310,169
image4809.ppm.png,640,480,ball,564,6,583,24
image4824.ppm.png,640,480,ball,456,100,499,139
image4824.ppm.png,640,480,ball,304,102,344,140
image4840.ppm.png,640,480,ball,440,131,482,170
image4840.ppm.png,640,480,ball,288,135,328,173
image4856.ppm.png,640,480,ball,488,150,533,190
image4856.ppm.png,640,480,ball,328,152,371,192
image4872.ppm.png,640,480,ball,480,175,529,218
image4872.ppm.png,640,480,ball,308,182,354,226
image4872.ppm.png,640,480,ball,613,21,640,44
image4905.ppm.png,640,480,ball,243,254,305,316
image4905.ppm.png,640,480,ball,468,234,531,292
image4921.ppm.png,640,480,ball,217,300,290,374
image4921.ppm.png,640,480,ball,482,279,556,350
image4921.ppm.png,640,480,ball,510,0,521,12
image4937.ppm.png,640,480,ball,172,321,258,408
image4937.ppm.png,640,480,ball,474,276,558,356
image4953.ppm.png,640,480,ball,164,321,257,416
image4953.ppm.png,640,480,ball,491,271,584,359
image4969.ppm.png,640,480,ball,133,395,235,480
image4969.ppm.png,640,480,ball,467,292,561,382
image4985.ppm.png,640,480,ball,443,288,533,375
image5001.ppm.png,640,480,ball,392,286,472,363
image5033.ppm.png,640,480,ball,297,398,389,480
image5033.ppm.png,640,480,ball,414,222,481,286
image5052.ppm.png,640,480,ball,307,337,386,419
image5052.ppm.png,640,480,ball,388,194,447,250
image5069.ppm.png,640,480,ball,357,289,428,359
image5069.ppm.png,640,480,ball,416,174,469,223
image5085.ppm.png,640,480,ball,361,260,425,323
image5085.ppm.png,640,480,ball,391,160,440,206
image5100.ppm.png,640,480,ball,365,231,424,287
image5100.ppm.png,640,480,ball,377,147,422,189
image5117.ppm.png,640,480,ball,388,200,444,253
image5117.ppm.png,640,480,ball,381,123,425,164
image5133.ppm.png,640,480,ball,383,204,440,259
image5133.ppm.png,640,480,ball,352,129,395,171
image5149.ppm.png,640,480,ball,385,234,446,293
image5149.ppm.png,640,480,ball,335,151,381,195
image5165.ppm.png,640,480,ball,376,239,442,302
image5165.ppm.png,640,480,ball,309,143,359,191
image5181.ppm.png,640,480,ball,410,248,480,316
image5181.ppm.png,640,480,ball,304,155,356,205
image5197.ppm.png,640,480,ball,402,272,477,346
image5197.ppm.png,640,480,ball,285,165,340,218
image5213.ppm.png,640,480,ball,409,329,493,412
image5213.ppm.png,640,480,ball,292,196,350,253
image5230.ppm.png,640,480,ball,408,312,493,396
image5230.ppm.png,640,480,ball,278,181,338,239
image5246.ppm.png,640,480,ball,420,304,508,389
image5246.ppm.png,640,480,ball,289,171,350,229
image5262.ppm.png,640,480,ball,401,320,489,407
image5262.ppm.png,640,480,ball,273,181,334,240
image9665.ppm.png,640,480,ball,275,225,340,288
image9665.ppm.png,640,480,ball,226,128,274,172
image9680.ppm.png,640,480,ball,279,217,345,283
image9680.ppm.png,640,480,ball,228,120,279,169
image9696.ppm.png,640,480,ball,285,215,350,280
image9696.ppm.png,640,480,ball,234,120,284,168
image9712.ppm.png,640,480,ball,309,205,374,270
image9712.ppm.png,640,480,ball,251,115,301,163
image9727.ppm.png,640,480,ball,296,207,360,270
image9727.ppm.png,640,480,ball,212,131,262,177
image9743.ppm.png,640,480,ball,294,198,355,257
image9743.ppm.png,640,480,ball,197,133,245,177
image9759.ppm.png,640,480,ball,308,195,366,252
image9759.ppm.png,640,480,ball,197,141,243,184
image9774.ppm.png,640,480,ball,262,219,321,276
image9774.ppm.png,640,480,ball,122,180,172,226
image9791.ppm.png,640,480,ball,257,205,316,262
image9791.ppm.png,640,480,ball,105,179,156,224
image9806.ppm.png,640,480,ball,286,187,342,240
image9806.ppm.png,640,480,ball,128,176,177,220
image9822.ppm.png,640,480,ball,283,197,339,252
image9822.ppm.png,640,480,ball,113,191,164,237
image9838.ppm.png,640,480,ball,286,207,344,263
image9838.ppm.png,640,480,ball,95,215,150,264
image9854.ppm.png,640,480,ball,318,213,374,267
image9854.ppm.png,640,480,ball,124,221,178,270
image9869.ppm.png,640,480,ball,363,199,419,253
image9869.ppm.png,640,480,ball,167,219,220,268
image9886.ppm.png,640,480,ball,376,218,433,273
image9886.ppm.png,640,480,ball,168,243,224,296
image9902.ppm.png,640,480,ball,382,188,438,243
image9902.ppm.png,640,480,ball,177,221,234,275
image9918.ppm.png,640,480,ball,206,182,261,236
image9918.ppm.png,640,480,ball,405,144,461,197
image9934.ppm.png,640,480,ball,218,152,278,209
image9934.ppm.png,640,480,ball,423,105,481,161
image9950.ppm.png,640,480,ball,217,143,281,206
image9950.ppm.png,640,480,ball,441,95,505,155
image9966.ppm.png,640,480,ball,188,179,262,251
image9966.ppm.png,640,480,ball,446,127,517,195
image9982.ppm.png,640,480,ball,134,259,222,343
image9982.ppm.png,640,480,ball,425,176,505,252
image9998.ppm.png,640,480,ball,115,268,209,362
image9998.ppm.png,640,480,ball,436,179,524,264
